rfm_segment,customer_count,avg_recency,avg_frequency,total_revenue,avg_revenue,customer_share_%,revenue_share_%
At Risk,200,257.14,6.66,692546.9489,3462.7347444999996,25.22,30.15
Champions,106,25.547169811320753,9.31132075471698,560498.8171,5287.724689622642,13.37,24.4
Hibernating,183,264.78142076502735,4.80327868852459,173164.1305,946.2520792349727,23.08,7.54
Loyalists,158,50.721518987341774,7.677215189873418,569388.8581,3603.7269499999998,19.92,24.79
Potential Loyalists,146,45.21917808219178,4.095890410958904,301602.1057,2065.7678472602743,18.41,13.13
